,AZ,,,,,GA,,,,MI,,,,,NV,,,,,NC,,,,,PA,,,,,WI,,,,
Label (Grouping),Total,Native,Foreign-born,Foreign-born; Naturalized citizen,Foreign-born; Not a U.S. citizen,Total,Foreign-born,Foreign-born; Naturalized citizen,Foreign-born; Not a U.S. citizen,Total,Native,Foreign-born,Foreign-born; Naturalized citizen,Foreign-born; Not a U.S. citizen,Total,Native,Foreign-born,Foreign-born; Naturalized citizen,Foreign-born; Not a U.S. citizen,Total,Native,Foreign-born,Foreign-born; Naturalized citizen,Foreign-born; Not a U.S. citizen,Total,Native,Foreign-born,Foreign-born; Naturalized citizen,Foreign-born; Not a U.S. citizen,Total,Native,Foreign-born,Foreign-born; Naturalized citizen,Foreign-born; Not a U.S. citizen
Total population,"7,431,344","6,450,417","980,927","474,767","506,160","11,029,227","1,274,462","625,449","649,013","10,037,261","9,299,709","737,552","417,635","319,917","3,194,176","2,579,397","614,779","329,511","285,268","10,835,491","9,840,364","995,127","433,357","561,770","12,961,683","11,930,363","1,031,320","567,837","463,483","5,910,955","5,603,056","307,899","146,096","161,803"
    SEX AND AGE,,,,,,,,,,,,,,,,,,,,,,,,,,,,,,,,,,
        Male,49.90%,50.20%,47.70%,45.30%,50.00%,48.80%,49.60%,47.00%,52.00%,49.50%,49.50%,49.70%,48.20%,51.70%,50.30%,50.90%,48.00%,45.60%,50.70%,49.00%,48.90%,50.40%,48.00%,52.20%,49.30%,49.30%,48.70%,47.10%,50.70%,50.10%,50.00%,51.00%,48.50%,53.30%
        Female,50.10%,49.80%,52.30%,54.70%,50.00%,51.20%,50.40%,53.00%,48.00%,50.50%,50.50%,50.30%,51.80%,48.30%,49.70%,49.10%,52.00%,54.40%,49.30%,51.00%,51.10%,49.60%,52.00%,47.80%,50.70%,50.70%,51.30%,52.90%,49.30%,49.90%,50.00%,49.00%,51.50%,46.70%
        18 to 24 years,9.40%,10.00%,5.80%,3.10%,8.40%,9.50%,6.10%,3.90%,8.10%,9.20%,9.30%,7.60%,5.20%,10.70%,8.00%,8.90%,4.50%,2.70%,6.50%,9.50%,9.80%,6.40%,4.50%,7.90%,9.00%,9.10%,7.40%,5.00%,10.40%,9.30%,9.40%,8.20%,7.10%,9.10%
        25 to 44 years,26.50%,25.40%,33.60%,26.10%,40.70%,27.20%,39.10%,30.80%,47.10%,25.30%,24.60%,34.60%,28.80%,42.20%,28.20%,27.10%,33.00%,25.20%,42.00%,26.30%,24.90%,39.80%,29.90%,47.40%,25.50%,24.50%,37.60%,30.20%,46.70%,25.30%,24.40%,40.50%,29.20%,50.70%
        45 to 54 years,11.60%,10.20%,20.80%,20.70%,20.90%,12.80%,20.70%,22.50%,19.00%,11.90%,11.40%,17.80%,18.40%,17.10%,12.60%,10.30%,21.90%,20.80%,23.10%,12.50%,11.60%,20.80%,22.70%,19.40%,11.80%,11.30%,17.50%,20.00%,14.30%,11.60%,11.30%,18.80%,21.40%,16.50%
        55 to 64 years,11.80%,11.20%,15.90%,20.30%,11.70%,12.10%,14.40%,20.40%,8.60%,13.30%,13.20%,14.60%,18.50%,9.50%,12.40%,11.10%,17.70%,21.60%,13.10%,12.60%,12.60%,13.10%,19.40%,8.40%,13.40%,13.40%,14.00%,18.10%,9.00%,13.60%,13.60%,13.20%,17.00%,9.80%
        65 to 74 years,10.90%,10.80%,11.50%,15.80%,7.50%,9.30%,7.80%,11.50%,4.20%,11.60%,11.70%,10.10%,13.70%,5.40%,10.40%,10.20%,11.20%,16.00%,5.70%,10.50%,10.90%,7.20%,12.10%,3.40%,11.70%,11.90%,8.90%,12.30%,4.80%,11.60%,11.80%,7.70%,12.40%,3.40%
        75 to 84 years,6.60%,6.70%,5.70%,9.00%,2.60%,4.70%,3.60%,5.60%,1.60%,5.70%,5.80%,5.30%,7.70%,2.20%,5.60%,5.50%,6.00%,9.40%,2.20%,5.50%,5.70%,3.50%,6.40%,1.30%,6.10%,6.20%,5.20%,7.70%,2.00%,5.60%,5.70%,3.40%,5.50%,1.50%
        85 years and over,1.90%,1.90%,1.60%,2.90%,0.50%,1.30%,1.00%,1.60%,0.40%,1.90%,1.90%,2.20%,3.30%,0.70%,1.40%,1.30%,1.80%,2.80%,0.80%,1.60%,1.70%,1.00%,1.70%,0.40%,2.30%,2.30%,1.80%,2.70%,0.60%,2.00%,2.00%,1.70%,2.90%,0.60%
        Median age (years),39.3,36.9,47.4,54,42.3,37.9,43.9,50.3,39.1,40.5,39.9,45,51.6,37.5,39.4,35.9,49,54.9,42.8,39.4,38.7,43.3,50.3,38.3,41.1,40.7,43.8,50.5,37,40.5,40.3,42.7,49.1,38.1
    RACE AND HISPANIC OR LATINO ORIGIN,,,,,,,,,,,,,,,,,,,,,,,,,,,,,,,,,,
        One race,80.10%,82.30%,65.70%,72.60%,59.30%,91.20%,81.50%,85.80%,77.30%,92.80%,93.20%,88.40%,92.30%,83.30%,83.60%,83.80%,82.40%,83.90%,80.60%,91.70%,92.60%,81.80%,85.60%,79.00%,92.60%,93.10%,86.80%,88.70%,84.40%,92.40%,93.20%,78.60%,85.80%,72.10%
            White,58.30%,63.90%,21.40%,28.00%,15.20%,50.30%,14.90%,18.20%,11.70%,73.80%,76.20%,42.70%,52.80%,29.50%,49.80%,57.70%,16.80%,19.20%,14.00%,61.40%,65.70%,18.80%,25.70%,13.60%,74.00%,78.20%,25.40%,29.20%,20.70%,79.90%,83.10%,22.20%,28.60%,16.30%
            Black or African American,4.80%,4.80%,5.10%,6.30%,4.10%,30.80%,18.40%,26.00%,11.00%,13.20%,13.70%,6.30%,5.20%,7.80%,9.40%,10.70%,3.80%,4.90%,2.50%,20.10%,21.10%,10.60%,16.00%,6.50%,10.60%,10.30%,13.10%,14.60%,11.20%,5.90%,5.90%,6.70%,6.70%,6.70%
            American Indian and Alaska Native,4.00%,4.40%,1.40%,1.10%,1.70%,0.50%,1.50%,0.40%,2.60%,0.50%,0.50%,0.60%,0.20%,1.00%,1.40%,1.30%,1.50%,1.20%,1.80%,1.00%,1.10%,0.90%,0.40%,1.40%,0.20%,0.20%,0.90%,0.60%,1.40%,0.80%,0.80%,1.30%,1.20%,1.50%
            Asian,3.60%,1.50%,17.60%,21.30%,14.20%,4.50%,27.10%,31.80%,22.70%,3.40%,1.20%,31.60%,30.30%,33.20%,9.10%,4.30%,29.60%,40.50%,17.00%,3.30%,1.20%,24.00%,30.30%,19.10%,3.90%,1.40%,32.40%,34.60%,29.70%,3.00%,1.50%,31.00%,39.00%,23.80%
            Native Hawaiian and Other Pacific Islander,0.20%,0.20%,0.30%,0.20%,0.30%,0.10%,0.20%,0.10%,0.30%,0.00%,0.00%,0.00%,0.00%,0.10%,0.80%,0.80%,0.50%,0.30%,0.70%,0.00%,0.00%,0.10%,0.10%,0.10%,0.00%,0.00%,0.00%,0.00%,0.00%,0.00%,0.00%,0.00%,0.00%,0.10%
            Some other race,9.20%,7.60%,19.90%,15.70%,23.80%,5.00%,19.40%,9.40%,29.10%,1.90%,1.50%,7.20%,3.80%,11.70%,13.10%,9.00%,30.30%,17.90%,44.70%,5.70%,3.50%,27.40%,13.10%,38.40%,3.90%,3.00%,15.00%,9.70%,21.50%,2.70%,1.90%,17.40%,10.30%,23.70%
        Two or more races,19.90%,17.70%,34.30%,27.40%,40.70%,8.80%,18.50%,14.20%,22.70%,7.20%,6.80%,11.60%,7.70%,16.70%,16.40%,16.20%,17.60%,16.10%,19.40%,8.30%,7.40%,18.20%,14.40%,21.00%,7.40%,6.90%,13.20%,11.30%,15.60%,7.60%,6.80%,21.40%,14.20%,27.90%
        Hispanic or Latino origin (of any race),31.60%,27.40%,58.80%,47.10%,69.80%,11.10%,39.20%,22.70%,55.10%,6.00%,5.00%,18.20%,10.30%,28.40%,29.90%,24.50%,52.90%,37.70%,70.50%,11.40%,7.80%,47.40%,27.80%,62.60%,8.90%,7.30%,27.70%,20.10%,37.00%,8.10%,6.30%,39.90%,25.90%,52.70%
"        White alone, not Hispanic or Latino",52.30%,57.70%,16.30%,22.90%,10.10%,48.70%,11.50%,15.60%,7.50%,72.30%,74.80%,41.00%,51.50%,27.30%,44.40%,52.20%,11.60%,14.50%,8.20%,59.80%,64.30%,15.20%,22.40%,9.70%,72.70%,77.00%,23.60%,27.80%,18.40%,78.40%,81.60%,19.60%,26.20%,13.60%
    HOUSEHOLD TYPE,,,,,,,,,,,,,,,,,,,,,,,,,,,,,,,,,,
        In married-couple family,57.50%,56.60%,63.10%,66.00%,60.40%,56.90%,65.60%,68.00%,63.30%,58.00%,57.00%,70.60%,72.80%,67.70%,54.30%,53.40%,58.00%,61.20%,54.30%,58.30%,57.50%,66.60%,71.10%,63.10%,57.30%,56.80%,63.00%,66.90%,58.30%,59.00%,58.70%,63.40%,68.50%,58.70%
        In other households,40.30%,41.00%,35.90%,33.10%,38.40%,40.80%,33.20%,31.20%,35.20%,39.90%,40.80%,27.80%,26.40%,29.70%,44.60%,45.30%,41.40%,38.40%,44.80%,39.10%,39.80%,32.00%,27.80%,35.30%,39.40%,39.80%,34.80%,32.00%,38.30%,38.70%,38.90%,34.90%,30.20%,39.10%
    Average  household size,2.5,2.4,3.08,2.9,3.3,2.6,3.21,3.05,3.42,2.39,2.35,2.92,2.92,2.93,2.58,2.42,3.14,2.95,3.43,2.4,2.32,3.13,2.88,3.39,2.35,2.31,2.85,2.81,2.92,2.31,2.28,2.97,2.86,3.08
    Average family size,3.09,2.99,3.52,3.37,3.7,3.21,3.67,3.58,3.79,3.01,2.96,3.5,3.47,3.55,3.22,3.09,3.59,3.42,3.85,2.98,2.9,3.55,3.3,3.8,2.96,2.92,3.33,3.28,3.41,2.94,2.9,3.57,3.45,3.7
MARITAL STATUS,,,,,,,,,,,,,,,,,,,,,,,,,,,,,,,,,,
    Population 15  years and over,"6,149,973","5,205,035","944,938","468,408","476,530","8,972,322","1,206,460","613,002","593,458","8,314,793","7,618,963","695,830","407,803","288,027","2,635,992","2,040,044","595,948","325,350","270,598","8,940,919","8,007,688","933,231","424,737","508,494","10,817,285","9,844,771","972,514","553,412","419,102","4,901,177","4,606,806","294,371","142,901","151,470"
        Never married,34.30%,36.60%,21.20%,15.40%,26.90%,35.30%,23.40%,17.60%,29.50%,34.20%,35.30%,21.90%,17.10%,28.70%,35.60%,39.40%,22.60%,16.40%,30.00%,32.60%,33.70%,23.50%,15.20%,30.50%,34.60%,35.60%,24.50%,18.80%,32.00%,33.80%,34.20%,26.70%,21.10%,31.90%
"        Now married, except separated",47.70%,45.20%,61.60%,64.40%,58.90%,46.70%,62.20%,64.80%,59.50%,48.10%,46.50%,65.50%,68.10%,61.80%,44.60%,41.10%,56.70%,58.60%,54.50%,49.30%,47.60%,63.40%,67.70%,59.80%,47.80%,46.60%,59.90%,62.90%,55.90%,49.70%,49.10%,59.30%,61.90%,56.90%
        Divorced or separated,12.60%,12.70%,12.10%,13.20%,11.00%,12.80%,10.90%,12.90%,8.90%,12.00%,12.40%,7.60%,8.20%,6.70%,14.80%,14.50%,15.60%,18.30%,12.40%,12.30%,12.60%,9.70%,12.20%,7.60%,11.20%,11.20%,11.00%,12.50%,9.00%,11.30%,11.40%,9.80%,11.40%,8.40%
        Widowed,5.40%,5.40%,5.00%,7.00%,3.20%,5.10%,3.50%,4.70%,2.20%,5.60%,5.70%,5.10%,6.60%,2.90%,5.00%,5.00%,5.00%,6.60%,3.10%,5.80%,6.10%,3.40%,4.90%,2.10%,6.40%,6.50%,4.60%,5.80%,3.10%,5.20%,5.30%,4.20%,5.60%,2.80%
SCHOOL ENROLLMENT,,,,,,,,,,,,,,,,,,,,,,,,,,,,,,,,,,
    Population 3 years and over enrolled in school,"1,738,316","1,639,760","98,556","35,570","62,986","2,765,792","167,721","62,533","105,188","2,292,853","2,177,993","114,860","43,768","71,092","707,027","657,574","49,453","21,079","28,374","2,537,953","2,403,454","134,499","38,212","96,287","2,882,066","2,729,336","152,730","60,381","92,349","1,339,010","1,293,077","45,933","18,607","27,326"
"        Nursery school, preschool",4.80%,5.00%,1.00%,0.30%,1.40%,5.90%,2.40%,1.20%,3.00%,5.90%,6.10%,2.10%,0.70%,3.00%,4.70%,5.00%,1.10%,0.00%,2.00%,5.50%,5.70%,1.40%,0.50%,1.80%,6.20%,6.50%,1.20%,0.40%,1.70%,5.60%,5.70%,0.50%,0.50%,0.50%
        Elementary school (grades K-8),45.50%,46.80%,24.30%,12.70%,30.90%,46.60%,31.40%,16.90%,40.00%,46.30%,47.20%,28.10%,19.70%,33.30%,47.80%,49.20%,29.00%,15.00%,39.40%,45.50%,46.10%,35.10%,17.90%,41.80%,44.90%,45.90%,28.50%,19.30%,34.60%,47.30%,48.20%,21.60%,13.30%,27.30%
        High school (grades 9-12),23.30%,23.50%,19.00%,20.50%,18.20%,23.20%,22.00%,21.50%,22.30%,22.40%,22.50%,19.90%,24.80%,16.90%,24.40%,24.70%,19.40%,13.50%,23.80%,21.80%,21.90%,18.30%,18.30%,18.30%,22.00%,22.10%,19.40%,17.40%,20.70%,22.50%,22.50%,21.80%,30.50%,15.90%
        College or graduate school,26.40%,24.70%,55.60%,66.50%,49.50%,24.40%,44.20%,60.40%,34.60%,25.40%,24.10%,49.80%,54.80%,46.70%,23.10%,21.10%,50.50%,71.50%,34.80%,27.20%,26.20%,45.20%,63.30%,38.00%,26.90%,25.50%,50.90%,62.90%,43.00%,24.70%,23.60%,56.10%,55.70%,56.40%
EDUCATIONAL ATTAINMENT,,,,,,,,,,,,,,,,,,,,,,,,,,,,,,,,,,
    Population 25 years and over,"5,150,254","4,275,675","874,579","449,752","424,827","7,448,119","1,103,500","578,414","525,086","7,007,856","6,384,082","623,774","377,433","246,341","2,253,253","1,690,320","562,933","315,260","247,673","7,487,552","6,637,323","850,229","399,586","450,643","9,171,006","8,294,913","876,093","517,548","358,545","4,116,216","3,853,497","262,719","129,184","133,535"
        Less than high school graduate,10.60%,7.00%,28.20%,19.90%,36.90%,10.70%,23.10%,13.00%,34.30%,8.00%,6.70%,20.50%,18.10%,24.30%,12.30%,7.10%,27.80%,19.40%,38.40%,9.40%,7.50%,24.70%,12.20%,35.80%,7.80%,6.70%,18.70%,14.30%,25.10%,6.30%,5.20%,23.60%,16.40%,30.60%
        High school graduate (includes equivalency),23.40%,23.30%,23.50%,22.00%,25.10%,26.30%,20.70%,19.40%,22.20%,27.70%,28.60%,18.60%,18.90%,18.20%,26.80%,27.10%,26.20%,24.00%,29.10%,24.50%,25.00%,20.30%,18.60%,21.80%,33.10%,34.20%,22.60%,21.70%,23.80%,29.50%,29.90%,23.60%,23.80%,23.40%
        Some college or associate's degree,32.50%,35.20%,19.40%,24.30%,14.30%,27.70%,17.60%,22.30%,12.50%,31.60%,33.00%,17.60%,20.30%,13.40%,32.20%,35.60%,21.90%,26.20%,16.40%,29.30%,30.80%,18.10%,23.90%,13.00%,23.80%,24.50%,17.00%,20.00%,12.80%,30.40%,31.40%,17.00%,20.40%,13.70%
        Bachelor's degree,20.40%,21.20%,16.80%,19.60%,13.80%,21.30%,20.80%,24.20%,17.10%,19.90%,19.80%,21.00%,20.70%,21.50%,18.70%,19.70%,15.80%,19.70%,10.70%,23.00%,23.40%,19.10%,24.20%,14.60%,21.00%,20.90%,21.50%,24.10%,17.70%,22.20%,22.50%,18.50%,20.30%,16.70%
        Graduate or professional degree,13.10%,13.30%,12.20%,14.30%,10.00%,14.10%,17.70%,21.20%,13.90%,12.80%,11.80%,22.30%,22.10%,22.60%,10.00%,10.60%,8.30%,10.60%,5.40%,13.80%,13.30%,17.80%,21.00%,14.80%,14.40%,13.80%,20.20%,20.00%,20.60%,11.50%,11.10%,17.30%,19.00%,15.60%
LANGUAGE SPOKEN AT HOME AND ABILITY TO SPEAK ENGLISH,,,,,,,,,,,,,,,,,,,,,,,,,,,,,,,,,,
    Population 5 years and over,"7,040,202","6,065,354","974,848","474,220","500,628","10,407,477","1,266,178","624,368","641,810","9,507,802","8,776,227","731,575","416,895","314,680","3,023,013","2,410,938","612,075","328,609","283,466","10,240,752","9,255,560","985,192","432,805","552,387","12,298,344","11,273,570","1,024,774","566,730","458,044","5,603,081","5,297,721","305,360","145,790","159,570"
        English only,74.10%,83.20%,17.40%,21.70%,13.30%,84.30%,20.90%,28.70%,13.20%,89.50%,95.40%,19.00%,22.00%,15.10%,70.00%,84.10%,14.70%,17.40%,11.60%,86.20%,93.40%,18.50%,26.90%,11.80%,87.00%,93.10%,19.70%,24.40%,13.90%,90.70%,94.70%,21.90%,28.10%,16.30%
        Language other than English,25.90%,16.80%,82.60%,78.30%,86.70%,15.70%,79.10%,71.30%,86.80%,10.50%,4.60%,81.00%,78.00%,84.90%,30.00%,15.90%,85.30%,82.60%,88.40%,13.80%,6.60%,81.50%,73.10%,88.20%,13.00%,6.90%,80.30%,75.60%,86.10%,9.30%,5.30%,78.10%,71.90%,83.70%
"            Speak English less than ""very well""",8.10%,2.40%,43.60%,33.40%,53.30%,6.00%,41.30%,27.90%,54.30%,3.90%,0.80%,40.50%,35.10%,47.60%,11.70%,2.40%,48.50%,36.80%,62.00%,5.30%,1.10%,43.90%,27.10%,57.20%,5.20%,1.70%,43.10%,35.00%,53.10%,3.20%,1.00%,41.20%,31.40%,50.10%
EMPLOYMENT STATUS,,,,,,,,,,,,,,,,,,,,,,,,,,,,,,,,,,
    Population 16 years and over,"6,049,109","5,108,235","940,874","468,006","472,868","8,818,867","1,199,934","610,744","589,190","8,186,295","7,494,798","691,497","405,652","285,845","2,594,279","2,000,024","594,255","325,151","269,104","8,792,430","7,866,111","926,319","422,714","503,605","10,658,635","9,693,557","965,078","551,469","413,609","4,822,901","4,530,128","292,773","142,298","150,475"
        In labor force,60.70%,60.40%,62.40%,61.80%,63.10%,64.10%,71.70%,71.30%,72.10%,61.70%,61.60%,63.10%,61.30%,65.70%,63.50%,62.90%,65.50%,62.70%,68.90%,63.20%,62.20%,71.50%,70.30%,72.50%,62.80%,62.20%,68.70%,67.50%,70.30%,65.20%,64.90%,70.90%,68.60%,73.10%
            Civilian labor force,60.30%,60.00%,62.30%,61.60%,63.00%,63.40%,71.40%,70.80%,72.00%,61.70%,61.50%,63.10%,61.20%,65.70%,62.90%,62.10%,65.40%,62.50%,68.90%,62.00%,61.00%,70.70%,68.90%,72.20%,62.70%,62.10%,68.70%,67.50%,70.30%,65.20%,64.80%,70.90%,68.60%,73.10%
                Employed,57.80%,57.30%,60.20%,59.80%,60.60%,60.60%,68.80%,68.50%,69.10%,58.90%,58.80%,60.50%,59.30%,62.10%,60.00%,59.20%,62.70%,60.60%,65.20%,59.50%,58.50%,68.30%,67.00%,69.40%,60.00%,59.50%,65.30%,65.00%,65.60%,63.40%,63.00%,68.90%,67.00%,70.80%
                Unemployed,2.60%,2.70%,2.10%,1.80%,2.40%,2.80%,2.60%,2.30%,2.90%,2.80%,2.80%,2.60%,1.90%,3.60%,2.90%,2.90%,2.80%,2.00%,3.70%,2.50%,2.50%,2.40%,1.90%,2.80%,2.70%,2.60%,3.40%,2.50%,4.70%,1.80%,1.80%,1.90%,1.60%,2.30%
                    Percent of civilian labor force,4.30%,4.40%,3.40%,2.90%,3.80%,4.40%,3.60%,3.20%,4.00%,4.50%,4.50%,4.10%,3.10%,5.50%,4.60%,4.70%,4.20%,3.20%,5.30%,4.00%,4.10%,3.40%,2.80%,3.90%,4.20%,4.20%,5.00%,3.70%,6.70%,2.80%,2.80%,2.70%,2.30%,3.10%
            Armed Forces,0.40%,0.50%,0.10%,0.20%,0.10%,0.70%,0.30%,0.50%,0.00%,0.10%,0.10%,0.00%,0.10%,0.00%,0.60%,0.80%,0.10%,0.20%,0.00%,1.20%,1.30%,0.80%,1.40%,0.30%,0.10%,0.10%,0.00%,0.00%,0.00%,0.10%,0.10%,0.00%,0.00%,0.00%
        Not in labor force,39.30%,39.60%,37.60%,38.20%,36.90%,35.90%,28.30%,28.70%,27.90%,38.30%,38.40%,36.90%,38.70%,34.30%,36.50%,37.10%,34.50%,37.30%,31.10%,36.80%,37.80%,28.50%,29.70%,27.50%,37.20%,37.80%,31.30%,32.50%,29.70%,34.80%,35.10%,29.10%,31.40%,26.90%
Civilian employed population 16 years and over,"3,493,543","2,927,252","566,291","279,672","286,619","5,346,554","825,779","418,373","407,406","4,822,997","4,404,741","418,256","240,732","177,524","1,556,587","1,184,168","372,419","196,882","175,537","5,230,146","4,597,779","632,367","283,068","349,299","6,400,011","5,770,169","629,842","358,494","271,348","3,056,531","2,854,686","201,845","95,334","106,511"
    CLASS OF WORKER,,,,,,,,,,,,,,,,,,,,,,,,,,,,,,,,,,
        Private wage and salary workers,79.60%,79.60%,79.50%,79.30%,79.80%,80.00%,82.80%,81.50%,84.10%,83.30%,82.90%,87.20%,84.90%,90.30%,82.00%,81.40%,84.10%,80.80%,87.80%,80.50%,80.10%,83.80%,81.60%,85.50%,83.70%,83.30%,87.30%,85.90%,89.30%,82.30%,82.20%,83.80%,82.00%,85.50%
        Government workers,14.00%,14.70%,10.50%,13.00%,8.10%,14.00%,7.50%,9.90%,5.10%,11.50%,11.90%,6.90%,8.00%,5.60%,12.20%,13.40%,8.20%,11.40%,4.70%,13.60%,14.30%,8.50%,11.60%,6.00%,11.10%,11.70%,6.00%,7.30%,4.30%,12.80%,12.90%,11.00%,13.50%,8.70%
        Self-employed workers in own not incorporated business,6.20%,5.50%,9.60%,7.60%,11.60%,5.70%,9.30%,8.30%,10.30%,5.10%,5.10%,5.60%,6.80%,4.00%,5.50%,4.90%,7.50%,7.60%,7.40%,5.70%,5.50%,7.50%,6.70%,8.10%,5.00%,4.90%,6.40%,6.60%,6.10%,4.70%,4.70%,5.00%,4.20%,5.70%
        Unpaid family workers,0.20%,0.20%,0.30%,0.10%,0.50%,0.20%,0.40%,0.30%,0.40%,0.20%,0.10%,0.20%,0.30%,0.10%,0.30%,0.30%,0.20%,0.20%,0.20%,0.20%,0.20%,0.20%,0.10%,0.30%,0.20%,0.10%,0.30%,0.20%,0.30%,0.20%,0.20%,0.20%,0.30%,0.10%
    OCCUPATION,,,,,,,,,,,,,,,,,,,,,,,,,,,,,,,,,,
"        Management, business, science, and arts occupations",42.10%,43.60%,34.20%,41.50%,27.10%,42.30%,40.50%,49.80%,30.90%,40.80%,40.10%,47.70%,49.50%,45.30%,35.00%,38.60%,23.70%,29.70%,17.00%,43.60%,44.00%,40.40%,50.00%,32.60%,43.40%,43.40%,42.60%,45.60%,38.60%,41.20%,41.50%,37.00%,41.10%,33.40%
        Service occupations,16.80%,15.80%,22.20%,17.90%,26.40%,15.10%,17.00%,13.60%,20.50%,15.90%,16.10%,13.90%,13.70%,14.30%,21.60%,18.60%,31.20%,29.20%,33.60%,15.40%,15.20%,16.80%,14.10%,19.10%,16.30%,15.90%,19.90%,19.50%,20.40%,14.70%,14.40%,18.00%,15.70%,20.20%
        Sales and office occupations,20.90%,22.20%,14.20%,17.20%,11.30%,20.40%,13.50%,16.70%,10.10%,19.40%,20.10%,12.70%,14.90%,9.70%,20.70%,22.10%,15.90%,18.40%,13.10%,18.80%,19.90%,11.10%,14.80%,8.20%,18.40%,19.10%,11.90%,13.30%,10.10%,18.40%,18.80%,12.10%,14.30%,10.20%
"        Natural resources, construction, and maintenance occupations",8.90%,7.70%,15.00%,8.60%,21.20%,8.20%,14.20%,6.00%,22.60%,7.90%,7.90%,8.00%,6.00%,10.70%,8.80%,7.80%,12.00%,6.60%,18.00%,8.60%,7.40%,16.90%,5.80%,25.90%,7.80%,7.80%,7.90%,5.10%,11.70%,8.70%,8.70%,8.30%,5.20%,11.20%
"        Production, transportation, and material moving occupations",11.30%,10.70%,14.40%,14.80%,14.00%,14.10%,14.80%,13.80%,15.80%,16.00%,15.90%,17.70%,16.00%,20.00%,13.90%,12.90%,17.20%,16.10%,18.30%,13.60%,13.50%,14.70%,15.40%,14.20%,14.20%,13.80%,17.60%,16.40%,19.20%,17.10%,16.60%,24.40%,23.80%,25.00%
    INDUSTRY,,,,,,,,,,,,,,,,,,,,,,,,,,,,,,,,,,
"        Agriculture, forestry, fishing and hunting, and mining",1.20%,1.10%,1.60%,0.80%,2.30%,1.00%,1.30%,0.50%,2.20%,1.20%,1.20%,1.10%,0.50%,2.00%,1.50%,1.70%,0.70%,1.00%,0.40%,1.00%,0.90%,1.50%,0.60%,2.30%,1.20%,1.20%,1.60%,0.50%,3.10%,2.00%,1.90%,2.90%,1.00%,4.70%
        Construction,7.90%,6.90%,13.20%,7.40%,18.90%,7.10%,13.90%,6.20%,21.70%,6.00%,6.00%,6.00%,4.30%,8.50%,7.60%,6.40%,11.20%,5.80%,17.20%,7.30%,6.00%,16.20%,5.80%,24.60%,6.20%,6.20%,6.10%,4.00%,8.90%,6.50%,6.60%,5.30%,3.30%,7.10%
        Manufacturing,7.60%,7.10%,10.20%,10.60%,9.80%,9.60%,10.90%,10.30%,11.60%,18.20%,17.40%,25.90%,22.70%,30.20%,5.40%,5.50%,5.10%,4.20%,6.20%,11.70%,11.50%,13.50%,13.80%,13.20%,11.40%,11.30%,12.10%,11.90%,12.50%,18.20%,17.70%,24.00%,24.00%,24.10%
        Wholesale trade,1.80%,1.80%,1.80%,1.50%,2.10%,2.30%,2.50%,2.10%,2.80%,1.90%,1.90%,1.70%,1.80%,1.60%,1.80%,1.90%,1.60%,1.20%,2.00%,1.90%,1.90%,1.60%,1.80%,1.40%,2.10%,2.10%,2.10%,1.70%,2.50%,2.10%,2.20%,1.30%,1.20%,1.40%
        Retail trade,11.50%,12.00%,8.50%,9.60%,7.40%,11.10%,9.30%,11.00%,7.50%,10.90%,11.10%,8.60%,9.80%,6.90%,10.90%,11.50%,9.00%,9.30%,8.70%,10.90%,11.40%,7.10%,8.70%,5.70%,10.90%,11.10%,8.30%,8.30%,8.30%,10.90%,11.10%,7.20%,7.30%,7.10%
"        Transportation and warehousing, and utilities",5.80%,5.80%,5.90%,6.80%,5.00%,7.30%,6.10%,6.80%,5.30%,4.70%,4.70%,4.90%,5.50%,4.10%,8.00%,7.90%,8.60%,9.50%,7.50%,5.40%,5.50%,4.40%,6.60%,2.50%,6.30%,6.00%,8.80%,9.30%,8.20%,4.90%,4.90%,4.90%,5.60%,4.30%
        Information,1.70%,1.80%,1.10%,1.10%,1.10%,2.20%,1.60%,2.40%,0.80%,1.20%,1.30%,0.80%,0.60%,1.10%,1.60%,1.80%,0.80%,0.90%,0.70%,1.50%,1.60%,1.00%,1.30%,0.80%,1.60%,1.60%,1.40%,1.20%,1.70%,1.20%,1.20%,1.20%,1.80%,0.60%
"        Finance and insurance, and real estate and rental and leasing",8.80%,9.30%,5.90%,7.90%,3.90%,6.50%,5.20%,7.30%,3.00%,5.70%,5.90%,4.10%,5.10%,2.80%,5.80%,6.30%,3.90%,4.90%,2.80%,7.20%,7.30%,6.70%,9.20%,4.70%,6.20%,6.30%,5.40%,6.40%,4.00%,6.00%,6.20%,3.60%,4.60%,2.70%
"        Professional, scientific, and management, and administrative and waste management services",12.60%,12.30%,14.10%,11.50%,16.60%,13.80%,16.60%,16.10%,17.00%,10.50%,10.40%,12.20%,12.10%,12.50%,12.60%,13.00%,11.40%,8.90%,14.30%,13.00%,12.60%,16.10%,14.20%,17.70%,11.50%,11.30%,14.10%,12.10%,16.60%,9.90%,9.70%,11.70%,8.50%,14.50%
"        Educational services, and health care and social assistance",22.30%,22.60%,20.50%,25.40%,15.70%,21.00%,16.20%,20.40%,11.90%,23.00%,23.20%,20.90%,23.90%,17.00%,16.50%,17.40%,13.90%,18.90%,8.30%,22.50%,23.30%,16.40%,23.00%,11.00%,26.30%,26.40%,25.70%,29.90%,20.20%,23.30%,23.50%,21.50%,26.60%,17.00%
"        Arts, entertainment, and recreation, and accommodation and food services",9.50%,9.60%,8.50%,7.10%,9.80%,8.60%,8.10%,7.20%,8.90%,8.70%,8.80%,7.50%,6.40%,8.90%,20.00%,17.80%,27.20%,28.00%,26.30%,8.70%,8.70%,8.50%,6.90%,9.70%,7.80%,7.80%,7.40%,6.90%,8.00%,7.20%,7.10%,8.80%,7.20%,10.30%
        Other services (except public administration),4.60%,4.40%,5.80%,5.60%,6.00%,4.90%,6.40%,6.40%,6.30%,4.50%,4.40%,4.70%,5.10%,4.00%,4.20%,4.00%,4.50%,4.50%,4.50%,5.00%,4.90%,5.10%,4.80%,5.40%,4.50%,4.50%,5.20%,5.10%,5.30%,4.20%,4.10%,5.20%,6.10%,4.30%
        Public administration,4.80%,5.10%,2.90%,4.50%,1.40%,4.70%,2.10%,3.20%,0.90%,3.60%,3.80%,1.40%,2.20%,0.40%,4.10%,4.70%,2.10%,3.10%,1.00%,4.10%,4.40%,2.00%,3.40%,0.90%,3.90%,4.10%,1.80%,2.60%,0.80%,3.60%,3.70%,2.30%,2.70%,1.90%
"EARNINGS IN THE PAST 12 MONTHS (IN 2023 INFLATION-ADJUSTED DOLLARS) FOR FULL-TIME, YEAR-ROUND WORKERS",,,,,,,,,,,,,,,,,,,,,,,,,,,,,,,,,,
    Population 16 years and over with earnings,"2,591,674","2,157,322","434,352","220,084","214,268","4,083,958","639,407","331,263","308,144","3,402,751","3,098,176","304,575","174,562","130,013","1,156,438","876,295","280,143","148,498","131,645","3,965,320","3,475,209","490,111","226,986","263,125","4,677,391","4,206,060","471,331","281,444","189,887","2,214,478","2,063,610","150,868","71,281","79,587"
"        $1 to $9,999 or loss",1.60%,1.60%,1.40%,1.10%,1.60%,1.80%,1.70%,1.60%,1.80%,1.50%,1.50%,1.40%,1.20%,1.70%,1.60%,1.60%,1.70%,1.20%,2.20%,1.50%,1.50%,1.40%,1.20%,1.60%,1.40%,1.40%,2.00%,1.50%,2.90%,1.50%,1.50%,1.40%,1.30%,1.40%
"        $10,000 to $14,999",1.70%,1.70%,2.00%,1.60%,2.40%,2.30%,2.00%,1.50%,2.60%,1.50%,1.40%,1.90%,1.40%,2.60%,1.90%,1.90%,2.10%,1.60%,2.70%,1.80%,1.70%,2.10%,1.90%,2.30%,1.60%,1.50%,2.40%,2.00%,2.90%,1.40%,1.40%,1.70%,1.30%,2.00%
"        $15,000 to $24,999",5.40%,5.00%,7.30%,5.80%,8.80%,7.80%,9.60%,7.60%,11.80%,5.50%,5.40%,6.60%,6.80%,6.20%,6.50%,5.90%,8.50%,5.30%,12.10%,7.00%,6.60%,10.00%,5.10%,14.20%,5.10%,4.80%,7.20%,5.40%,9.90%,4.20%,4.10%,6.50%,4.60%,8.10%
"        $25,000 to $34,999",10.70%,9.70%,15.90%,11.40%,20.50%,12.00%,13.80%,10.40%,17.40%,11.40%,11.30%,11.80%,9.70%,14.70%,12.80%,11.30%,17.40%,12.40%,23.00%,13.10%,12.40%,17.80%,11.30%,23.50%,10.10%,9.90%,11.70%,9.60%,14.80%,9.90%,9.50%,14.40%,10.30%,18.10%
"        $35,000 to $49,999",20.90%,20.50%,22.70%,21.40%,23.90%,19.90%,20.90%,17.60%,24.60%,20.00%,20.30%,17.40%,16.90%,18.10%,22.20%,20.90%,26.10%,25.60%,26.70%,20.80%,20.80%,20.30%,19.80%,20.70%,19.60%,19.60%,19.60%,19.00%,20.40%,20.80%,20.70%,21.50%,20.50%,22.40%
"        $50,000 to $74,999",25.50%,26.00%,22.90%,24.10%,21.60%,23.90%,20.00%,23.30%,16.40%,25.90%,26.50%,19.60%,20.00%,19.00%,25.00%,25.70%,23.00%,25.90%,19.70%,24.20%,25.10%,18.00%,21.60%,14.90%,26.30%,26.80%,21.20%,22.80%,19.00%,30.30%,30.80%,24.20%,25.30%,23.30%
"        $75,000 or more",34.20%,35.40%,27.90%,34.60%,21.10%,32.40%,31.90%,38.00%,25.40%,34.10%,33.40%,41.30%,43.90%,37.70%,30.00%,32.80%,21.20%,28.00%,13.60%,31.70%,31.90%,30.40%,39.00%,22.90%,35.90%,35.90%,35.80%,39.70%,30.10%,31.80%,31.90%,30.30%,36.60%,24.60%
"        Median earnings (dollars) for full-time, year-round workers",,,,,,,,,,,,,,,,,,,,,,,,,,,,,,,,,,
            Male,"61,531","63,132","52,062","61,560","48,735","60,507","53,422","66,811","45,053","62,426","62,256","70,444","74,663","61,543","57,351","61,449","46,972","53,440","40,719","57,845","59,826","50,848","66,435","41,698","64,775","65,127","61,702","70,029","52,335","62,208","62,455","54,987","62,275","51,031"
            Female,"51,532","52,417","43,081","50,232","37,029","49,871","46,043","52,107","38,337","50,990","50,919","52,132","57,719","45,077","48,602","50,756","41,894","49,322","36,361","50,254","50,625","43,270","52,082","34,084","52,407","52,941","49,751","51,935","42,174","51,518","51,732","45,676","51,221","41,089"
INCOME IN THE PAST 12 MONTHS (IN 2023 INFLATION-ADJUSTED DOLLARS),,,,,,,,,,,,,,,,,,,,,,,,,,,,,,,,,,
    Households,"2,907,014","2,468,699","438,315","244,601","193,714","4,150,138","544,526","309,329","235,197","4,107,809","3,791,077","316,732","200,345","116,387","1,224,685","959,393","265,292","163,446","101,846","4,392,669","3,961,236","431,433","218,423","213,010","5,324,209","4,866,049","458,160","287,189","170,971","2,495,539","2,361,698","133,841","69,934","63,907"
        With earnings,74.90%,73.50%,83.00%,78.50%,88.60%,79.30%,90.60%,87.50%,94.60%,74.30%,73.60%,82.20%,77.50%,90.30%,78.50%,76.30%,86.30%,82.60%,92.30%,77.20%,75.80%,90.20%,86.20%,94.30%,75.20%,74.30%,85.00%,81.60%,90.80%,76.40%,75.80%,87.70%,83.10%,92.80%
            Mean earnings (dollars),"107,562","108,064","105,060","118,095","90,471","105,623","111,740","123,893","96,968","97,574","96,513","108,948","116,562","97,695","102,051","104,192","95,207","105,653","80,206","99,781","99,040","105,495","126,388","85,913","106,559","105,672","114,790","127,053","96,267","99,892","99,711","102,653","118,303","87,311"
        With Social Security income,33.70%,35.40%,24.50%,34.00%,12.50%,29.40%,15.30%,22.60%,5.70%,34.80%,35.80%,23.10%,31.00%,9.50%,30.60%,32.60%,23.50%,32.10%,9.80%,31.70%,33.60%,14.40%,24.20%,4.30%,34.90%,36.20%,21.00%,28.20%,8.80%,32.30%,33.20%,16.70%,26.00%,6.60%
            Mean Social Security income (dollars),"24,754","25,272","20,535","21,222","18,173","22,588","20,193","21,030","15,820","24,393","24,490","22,598","22,935","20,709","23,160","23,778","20,067","20,720","16,644","23,592","23,648","22,376","23,260","17,266","24,059","24,210","21,303","21,869","18,257","24,618","24,686","22,247","23,263","17,894"
        With Supplemental Security Income,4.20%,4.30%,4.10%,5.40%,2.40%,5.20%,2.80%,3.40%,2.00%,5.70%,5.80%,5.30%,7.20%,1.90%,4.40%,4.30%,4.80%,5.10%,4.20%,4.60%,4.80%,2.90%,3.90%,1.90%,5.70%,5.70%,5.70%,7.10%,3.40%,4.20%,4.20%,3.70%,5.30%,1.90%
            Mean Supplemental Security Income (dollars),"11,481","11,602","10,769","9,571","14,088","10,850","9,229","9,115","9,483","11,136","11,144","11,024","11,266","9,412","10,636","10,924","9,710","8,536","12,021","10,643","10,623","10,949","10,697","11,479","10,919","10,991","10,160","10,063","10,498","11,522","11,516","11,648","12,082","10,313"
        With cash public assistance income,1.70%,1.70%,2.00%,2.70%,1.20%,1.70%,1.40%,1.80%,0.80%,2.50%,2.40%,2.80%,3.00%,2.60%,2.80%,2.80%,2.80%,3.10%,2.30%,1.60%,1.60%,1.40%,1.60%,1.10%,3.20%,3.10%,4.00%,4.10%,3.80%,1.80%,1.80%,3.20%,4.30%,2.00%
            Mean cash public assistance income (dollars),"3,300","3,415","2,770","2,517","3,476","2,949","3,597","2,609","6,416","2,534","2,568","2,177","2,173","2,184","3,014","3,017","3,004","2,550","3,985","3,432","3,484","2,875","3,771","1,530","2,622","2,590","2,885","2,492","3,602","3,462","3,158","6,433","7,354","4,292"
        With retirement income,26.20%,28.10%,15.40%,21.40%,7.80%,22.50%,11.70%,17.60%,4.10%,27.80%,28.80%,15.10%,19.40%,7.60%,24.70%,27.40%,15.10%,20.80%,6.00%,24.90%,26.40%,11.10%,17.70%,4.50%,27.20%,28.50%,14.00%,18.40%,6.60%,26.80%,27.70%,11.00%,17.40%,4.00%
            Mean retirement income (dollars),"31,625","32,173","25,989","25,629","27,227","29,035","22,545","23,119","19,278","27,004","27,131","24,093","25,374","18,489","34,775","35,770","28,275","30,326","16,926","28,207","28,224","27,840","29,976","19,180","27,442","27,503","26,130","27,745","18,533","28,255","28,334","24,735","26,324","17,166"
        With Food Stamp/SNAP benefits,10.10%,9.50%,13.80%,13.40%,14.20%,12.40%,8.90%,7.90%,10.20%,14.00%,13.80%,15.80%,18.20%,11.80%,13.10%,12.60%,14.60%,13.90%,15.70%,12.60%,12.70%,11.90%,9.70%,14.10%,14.90%,14.50%,19.40%,19.20%,19.70%,11.40%,11.20%,15.90%,14.80%,17.20%
        Median Household income (dollars),"77,315","78,124","73,361","81,347","62,468","74,632","81,339","90,642","70,585","69,183","68,753","74,353","74,739","73,698","76,364","77,994","70,748","80,422","60,717","70,804","70,520","73,463","88,830","60,814","73,824","73,674","75,542","81,073","65,567","74,631","74,797","71,070","83,380","60,558"
        Average number of workers per household,1.18,1.14,1.43,1.35,1.52,1.26,1.56,1.53,1.6,1.14,1.13,1.33,1.3,1.38,1.26,1.18,1.54,1.45,1.69,1.18,1.14,1.49,1.42,1.57,1.17,1.15,1.37,1.34,1.4,1.2,1.18,1.49,1.46,1.51
POVERTY STATUS IN THE PAST 12 MONTHS,,,,,,,,,,,,,,,,,,,,,,,,,,,,,,,,,,
    Population for whom poverty status is determined,"7,274,129","6,303,340","970,789","470,639","500,150","10,765,238","1,262,303","620,864","641,439","9,827,315","9,098,904","728,411","415,783","312,628","3,154,850","2,544,207","610,643","328,590","282,053","10,549,944","9,570,162","979,782","428,552","551,230","12,535,767","11,524,091","1,011,676","561,916","449,760","5,781,514","5,478,559","302,955","144,709","158,246"
        Below 100 percent of the poverty level,12.40%,12.00%,15.40%,10.20%,20.30%,13.60%,13.20%,8.70%,17.60%,13.50%,13.20%,17.20%,14.50%,20.80%,12.00%,12.00%,12.00%,9.10%,15.20%,12.80%,12.70%,13.60%,8.70%,17.50%,12.00%,11.70%,15.40%,10.80%,21.20%,10.70%,10.50%,14.60%,10.10%,18.70%
        100 to 199 percent of the poverty level,16.30%,15.70%,20.40%,16.30%,24.30%,16.80%,19.20%,14.60%,23.60%,15.90%,15.70%,17.70%,18.30%,16.90%,17.70%,17.00%,20.30%,16.30%,25.10%,17.20%,16.80%,21.50%,15.70%,26.10%,15.30%,15.10%,17.40%,15.30%,20.00%,14.40%,14.20%,19.20%,14.00%,24.00%
        At or above 200 percent of the poverty level,71.20%,72.30%,64.20%,73.50%,55.40%,69.60%,67.60%,76.70%,58.80%,70.60%,71.10%,65.10%,67.10%,62.40%,70.30%,71.00%,67.70%,74.60%,59.70%,70.00%,70.50%,64.80%,75.60%,56.50%,72.80%,73.30%,67.20%,74.00%,58.80%,74.90%,75.40%,66.20%,75.90%,57.30%
    POVERTY RATES FOR FAMILIES FOR WHOM POVERTY STATUS IS DETERMINED,,,,,,,,,,,,,,,,,,,,,,,,,,,,,,,,,,
        All families,8.70%,7.50%,14.30%,9.40%,20.40%,9.80%,11.60%,7.90%,16.30%,9.20%,8.60%,14.40%,13.70%,15.60%,8.60%,8.00%,10.30%,7.20%,15.10%,9.10%,8.50%,13.20%,7.90%,18.50%,8.30%,7.70%,13.80%,9.60%,21.20%,6.60%,6.30%,11.30%,7.90%,15.10%
            With related children of the householder under 18 years,12.80%,10.90%,19.10%,12.80%,24.90%,15.10%,15.30%,10.10%,20.30%,14.40%,14.00%,17.50%,15.80%,19.90%,13.20%,12.80%,14.20%,8.20%,20.60%,14.60%,14.00%,17.90%,11.10%,22.90%,13.30%,12.70%,17.20%,11.70%,24.60%,10.80%,10.40%,14.50%,10.50%,17.90%
            With related children of the householder under 5 years only,11.10%,10.10%,15.00%,13.90%,16.00%,13.50%,9.00%,5.10%,12.10%,12.00%,12.20%,10.80%,16.70%,5.20%,13.20%,13.00%,13.90%,7.20%,21.60%,12.00%,12.30%,10.10%,5.90%,13.00%,12.00%,11.70%,14.20%,7.80%,21.70%,10.50%,10.20%,14.00%,N,19.60%
        Married-couple family,5.10%,4.10%,9.80%,6.80%,14.10%,4.90%,9.20%,5.50%,14.10%,4.70%,3.80%,13.00%,13.60%,11.80%,4.80%,3.90%,7.70%,5.80%,11.10%,4.70%,4.10%,9.50%,6.60%,12.80%,4.10%,3.40%,10.30%,7.90%,15.40%,3.30%,3.00%,8.30%,6.20%,11.10%
            With related children of the householder under 18 years,6.10%,4.40%,11.70%,8.20%,15.40%,6.40%,11.20%,5.50%,17.10%,5.80%,4.40%,14.60%,14.70%,14.40%,5.80%,4.00%,9.90%,5.30%,15.30%,6.30%,5.00%,12.20%,8.20%,15.40%,4.80%,3.70%,11.50%,8.70%,15.90%,3.70%,3.00%,10.10%,7.10%,13.00%
            With related children of the householder under 5 years only,5.10%,3.60%,10.60%,12.50%,8.90%,3.80%,6.20%,1.90%,9.60%,2.90%,1.80%,10.70%,16.40%,5.60%,4.50%,3.40%,8.50%,N,19.30%,3.80%,3.50%,6.30%,3.20%,8.50%,3.90%,3.30%,8.40%,6.00%,11.50%,2.60%,2.10%,9.40%,N,14.80%
"        Female householder, no spouse present, family",21.40%,19.50%,29.20%,20.10%,38.70%,24.60%,25.50%,18.90%,34.40%,25.10%,25.10%,24.90%,16.20%,42.90%,20.40%,20.70%,19.40%,12.00%,31.30%,24.10%,23.50%,29.00%,14.00%,41.90%,24.10%,23.80%,26.10%,16.80%,39.70%,22.40%,22.50%,20.30%,16.40%,23.20%
            With related children of the householder under 18 years,28.30%,25.50%,38.50%,30.20%,44.70%,34.00%,35.70%,29.40%,41.80%,35.10%,35.00%,38.00%,28.50%,48.80%,29.40%,29.70%,28.70%,17.40%,41.00%,34.40%,33.80%,39.50%,22.60%,49.70%,33.30%,33.20%,34.10%,22.00%,47.10%,30.60%,31.00%,25.90%,22.80%,27.50%
            With related children of the householder under 5 years only,27.00%,27.20%,26.00%,25.00%,26.90%,37.70%,43.00%,33.60%,52.60%,37.50%,37.90%,19.00%,28.80%,N,34.20%,35.30%,31.20%,N,31.10%,40.30%,41.10%,32.80%,N,43.60%,34.40%,34.50%,33.50%,16.80%,56.30%,36.20%,35.80%,48.70%,N,88.10%
Occupied housing units,"2,907,014","2,468,699","438,315","244,601","193,714","4,150,138","544,526","309,329","235,197","4,107,809","3,791,077","316,732","200,345","116,387","1,224,685","959,393","265,292","163,446","101,846","4,392,669","3,961,236","431,433","218,423","213,010","5,324,209","4,866,049","458,160","287,189","170,971","2,495,539","2,361,698","133,841","69,934","63,907"
    HOUSING TENURE,,,,,,,,,,,,,,,,,,,,,,,,,,,,,,,,,,
        Owner-occupied housing units,67.70%,68.40%,63.80%,77.20%,46.90%,66.10%,63.30%,76.80%,45.50%,73.70%,74.30%,66.50%,78.40%,45.90%,60.40%,60.60%,59.80%,71.90%,40.30%,66.30%,67.20%,58.60%,74.90%,41.90%,69.50%,70.50%,58.40%,70.70%,37.70%,67.90%,68.60%,56.50%,71.30%,40.30%
        Renter-occupied housing units,32.30%,31.60%,36.20%,22.80%,53.10%,33.90%,36.70%,23.20%,54.50%,26.30%,25.70%,33.50%,21.60%,54.10%,39.60%,39.40%,40.20%,28.10%,59.70%,33.70%,32.80%,41.40%,25.10%,58.10%,30.50%,29.50%,41.60%,29.30%,62.30%,32.10%,31.40%,43.50%,28.70%,59.70%
        Average household size of owner-occupied unit,2.57,2.48,3.13,2.97,3.45,2.71,3.35,3.2,3.69,2.52,2.47,3.11,3.07,3.25,2.65,2.51,3.18,3.06,3.53,2.51,2.44,3.21,3.03,3.53,2.5,2.46,3.05,3,3.23,2.49,2.45,3.29,3.13,3.62
        Average household size of renter-occupied unit,2.34,2.21,2.99,2.66,3.17,2.37,2.97,2.59,3.19,2.04,1.99,2.54,2.36,2.67,2.47,2.3,3.08,2.69,3.37,2.19,2.08,3.02,2.42,3.29,2.02,1.94,2.57,2.37,2.73,1.94,1.89,2.54,2.2,2.72
    ROOMS,,,,,,,,,,,,,,,,,,,,,,,,,,,,,,,,,,
        1 room,2.70%,2.60%,3.20%,2.10%,4.60%,1.50%,2.00%,1.50%,2.70%,1.10%,1.00%,1.80%,1.40%,2.50%,2.90%,2.70%,3.60%,2.70%,5.00%,1.50%,1.50%,1.80%,1.30%,2.20%,1.70%,1.60%,3.60%,2.40%,5.50%,1.60%,1.40%,4.00%,3.40%,4.80%
        2 or 3 rooms,12.60%,12.00%,15.90%,11.70%,21.30%,8.40%,9.60%,7.70%,12.20%,8.30%,7.90%,12.40%,8.80%,18.70%,12.60%,12.30%,13.70%,12.00%,16.30%,9.00%,8.70%,11.60%,8.80%,14.40%,9.20%,8.60%,14.80%,11.60%,20.00%,10.70%,10.50%,14.30%,10.50%,18.50%
        4 or 5 rooms,36.10%,35.50%,39.40%,37.20%,42.20%,30.60%,34.40%,27.70%,43.30%,31.30%,31.20%,33.40%,28.90%,41.20%,36.90%,35.60%,41.60%,37.90%,47.60%,34.90%,34.30%,40.20%,30.40%,50.30%,27.00%,26.60%,32.10%,30.10%,35.40%,33.80%,33.40%,40.50%,34.20%,47.40%
        6 or 7 rooms,30.70%,31.20%,27.90%,31.60%,23.20%,31.30%,27.80%,28.30%,27.00%,33.20%,33.50%,29.60%,33.40%,23.10%,30.60%,31.40%,27.80%,30.10%,23.90%,31.20%,31.60%,27.80%,32.10%,23.40%,34.50%,35.00%,29.30%,31.10%,26.40%,29.70%,30.00%,23.10%,27.80%,18.00%
        8 or more rooms,17.90%,18.60%,13.60%,17.40%,8.60%,28.20%,26.20%,34.80%,14.80%,26.10%,26.40%,22.80%,27.50%,14.60%,17.00%,18.00%,13.30%,17.20%,7.10%,23.30%,23.80%,18.60%,27.30%,9.70%,27.60%,28.30%,20.20%,24.80%,12.60%,24.30%,24.60%,18.00%,24.10%,11.40%
    Median number of rooms,5.4,5.5,5.1,5.5,4.6,6,5.7,6.3,5.2,6,6,5.6,6.1,4.8,5.4,5.5,5.1,5.4,4.7,5.7,5.8,5.3,6,4.9,6.1,6.1,5.5,5.8,4.9,5.7,5.8,5.1,5.6,4.5
    1.01 or more occupants per room,4.40%,3.20%,11.60%,7.40%,16.80%,2.50%,7.30%,4.20%,11.30%,1.60%,1.20%,6.60%,5.10%,9.00%,4.60%,3.10%,9.80%,6.30%,15.40%,2.20%,1.50%,8.00%,4.50%,11.60%,1.80%,1.20%,7.60%,5.60%,11.10%,1.70%,1.20%,9.20%,6.60%,12.10%
    VEHICLES AVAILABLE,,,,,,,,,,,,,,,,,,,,,,,,,,,,,,,,,,
        None,5.60%,5.50%,6.20%,5.20%,7.50%,5.90%,5.90%,4.20%,8.20%,7.10%,7.00%,7.50%,6.30%,9.70%,7.30%,7.50%,6.60%,5.40%,8.40%,5.50%,5.50%,5.60%,4.50%,6.70%,10.60%,10.30%,13.80%,9.90%,20.30%,6.50%,6.40%,9.20%,6.80%,11.80%
        1 or more,94.40%,94.50%,93.80%,94.80%,92.50%,94.10%,94.10%,95.80%,91.80%,92.90%,93.00%,92.50%,93.70%,90.30%,92.70%,92.50%,93.40%,94.60%,91.60%,94.50%,94.50%,94.40%,95.50%,93.30%,89.40%,89.70%,86.20%,90.10%,79.70%,93.50%,93.60%,90.80%,93.20%,88.20%
    SELECTED CHARACTERISTICS,,,,,,,,,,,,,,,,,,,,,,,,,,,,,,,,,,
        No telephone service available,1.00%,0.80%,2.10%,1.30%,3.10%,0.80%,1.10%,0.90%,1.50%,0.80%,0.80%,0.90%,0.80%,1.20%,1.00%,0.90%,1.50%,1.20%,2.00%,0.90%,0.90%,1.20%,0.90%,1.50%,1.00%,1.00%,1.10%,0.80%,1.60%,0.80%,0.80%,1.50%,0.80%,2.20%
        Limited English Speaking Households,3.40%,0.80%,17.60%,14.80%,21.00%,2.80%,19.60%,12.10%,29.50%,2.00%,0.20%,23.50%,20.80%,28.20%,5.30%,0.80%,21.40%,16.50%,29.20%,2.50%,0.30%,22.40%,13.60%,31.40%,2.90%,0.90%,24.40%,20.60%,30.90%,1.50%,0.40%,20.70%,15.00%,26.90%
Owner-occupied housing units,"1,967,704","1,688,009","279,695","188,807","90,888","2,742,232","344,454","237,523","106,931","3,028,591","2,818,068","210,523","157,141","53,382","740,187","581,610","158,577","117,563","41,014","2,913,467","2,660,476","252,991","163,641","89,350","3,697,771","3,430,367","267,404","202,950","64,454","1,694,748","1,619,103","75,645","49,893","25,752"
    SELECTED MONTHLY OWNER COSTS AS A PERCENTAGE OF HOUSEHOLD INCOME IN THE PAST 12 MONTHS,,,,,,,,,,,,,,,,,,,,,,,,,,,,,,,,,,
        Less than 30 percent,78.30%,78.50%,77.70%,78.40%,76.20%,78.60%,75.40%,75.50%,75.10%,79.70%,80.20%,72.80%,71.90%,75.60%,75.80%,75.70%,76.00%,75.60%,77.10%,80.50%,80.80%,76.90%,76.50%,77.70%,79.50%,79.90%,74.10%,73.80%,75.10%,80.70%,80.90%,78.00%,78.80%,76.30%
        30 percent or more,21.70%,21.50%,22.30%,21.60%,23.80%,21.40%,24.60%,24.50%,24.90%,20.30%,19.80%,27.20%,28.10%,24.40%,24.20%,24.30%,24.00%,24.40%,22.90%,19.50%,19.20%,23.10%,23.50%,22.30%,20.50%,20.10%,25.90%,26.20%,24.90%,19.30%,19.10%,22.00%,21.20%,23.70%
Renter-occupied housing units,"939,310","780,690","158,620","55,794","102,826","1,407,906","200,072","71,806","128,266","1,079,218","973,009","106,209","43,204","63,005","484,498","377,783","106,715","45,883","60,832","1,479,202","1,300,760","178,442","54,782","123,660","1,626,438","1,435,682","190,756","84,239","106,517","800,791","742,595","58,196","20,041","38,155"
    GROSS RENT AS A PERCENTAGE OF HOUSEHOLD INCOME IN THE PAST 12 MONTHS,,,,,,,,,,,,,,,,,,,,,,,,,,,,,,,,,,
        Less than 30 percent,49.40%,48.70%,53.00%,53.70%,52.60%,50.60%,48.60%,46.10%,49.90%,53.00%,52.50%,58.10%,57.50%,58.50%,46.00%,45.50%,47.80%,49.20%,46.80%,55.20%,55.00%,56.10%,56.30%,56.00%,54.50%,54.40%,55.30%,57.80%,53.30%,58.60%,58.40%,61.00%,66.20%,58.20%
        30 percent or more,50.60%,51.30%,47.00%,46.30%,47.40%,49.40%,51.40%,53.90%,50.10%,47.00%,47.50%,41.90%,42.50%,41.50%,54.00%,54.50%,52.20%,50.80%,53.20%,44.80%,45.00%,43.90%,43.70%,44.00%,45.50%,45.60%,44.70%,42.20%,46.70%,41.40%,41.60%,39.00%,33.80%,41.80%